bbl,address,status,video_id,capture_date,duration,error
1000090014,"17 State St, New York, NY 10004",active,wJql3ZGi_K9jUolEQJ4qPt,,40s,
1000090029,"24 State St, New York, NY 10004",active,pEmc7uTCM_sx1YCcOewv96,"{'year': 2023, 'month': 6, 'day': 17}",40s,
1000100014,"33 Whitehall St, New York, NY 10004",active,DcQ6P1JnMl7AUk0A6vV3sv,"{'year': 2022, 'month': 6, 'day': 19}",40s,
1000100023,"1 Whitehall St, New York, NY 10004",active,yhICKCWVtlmzcRdHYoZU7q,"{'year': 2022, 'month': 6, 'day': 19}",40s,
1000130001,"1 Broadway, New York, NY 10004",active,60TirLeoxiynVhDBCglxVv,"{'year': 2022, 'month': 6, 'day': 19}",40s,
1000130005,"11 Broadway, New York, NY 10004",active,79zaCfkDMpuFqoacM9DBgc,,40s,
1000130027,"25 Broadway, New York, NY 10004",active,D-F-dvcm6Zl6d8qHr700ff,"{'year': 2022, 'month': 6, 'day': 19}",40s,
1000160260,"200 W St, New York, NY 10282",active,vp8EaH-CqQj3n_HA47lnbD,"{'year': 2022, 'month': 6, 'day': 19}",40s,
1000200004,"39 Broadway, New York, NY 10006",active,fJeDptncNamObJOYonNjYJ,,40s,
1000200009,"45 Broadway, New York, NY 10006",active,hgOQx_tsHZQH8vij_jq98l,"{'year': 2022, 'month': 6, 'day': 19}",40s,
1000200016,"55 Broadway, New York, NY 10006",active,QdM7scGeycvCayR0bII0Fg,"{'year': 2022, 'month': 6, 'day': 19}",40s,
1000210001,"61 Broadway, New York, NY 10006",active,BJlOJcI2_8mmsv88xdcyBK,,40s,
1000210004,"65 Broadway, New York, NY 10006",active,65i9ad53AnujRjyz2DAVgR,,40s,
1000220013,"26 Broadway, New York, NY 10004",active,d_fbzbq-A45IOv1t53cGFg,,40s,
1000220017,"32 Broadway, New York, NY 10004",active,D387WVdFzi9i03jmtemzqi,,40s,
1000220020,"42 Broadway, New York, NY 10004",active,gypBsoGt338Ko7E77j1bOx,,40s,
1000220024,"50 Broadway, New York, NY 10004",active,uebB5tS8rD_Jkub7o2ZwQr,"{'year': 2022, 'month': 6, 'day': 19}",40s,
1000220028,"52 Broadway, New York, NY 10004",active,vfir54pv2f_HMq7SLkyGES,,40s,
1000240001,"60 Broad St, New York, NY 10004",active,R8CZhvNSlaZtyo5R3KkAcf,,40s,
1000240029,"30 Broad St, New York, NY 10004",active,etWUsRYcLUpzwArIt5ku3k,"{'year': 2022, 'month': 6, 'day': 19}",40s,
1000250001,"55 Broad St, New York, NY 10004",active,ua6ftPMK7ixLE9fNlDdXC6,"{'year': 2022, 'month': 6, 'day': 19}",40s,
1000290036,"1 William St, New York, NY 10004",active,4ojS6ExXf63fFcsthpluA4,"{'year': 2022, 'month': 6, 'day': 19}",40s,
1000290070,"75 Broad St, New York, NY 10004",active,eVeDMhesXvGgLGwdi2cuQj,,40s,
1000290073,"44 Beaver St, New York, NY 10004",active,NwUivIFbhfF1OTDLVrS4jz,"{'year': 2023, 'month': 6, 'day': 17}",40s,
1000330001,"77 Water St, New York, NY 10005",active,CayJMXvB4i8p_kgEvJwZWN,,40s,
1000390012,"110 Maiden Lane, New York, NY 10005",active,_t7Zh7sHxdo4AV24Mx8_Vw,,40s,
1000400003,"60 Wall St, New York, NY 10005",active,FuE1Mufz9P3r27yOrYzEBK,"{'year': 2022, 'month': 6, 'day': 19}",40s,
1000400014,"48 Wall St, New York, NY 10005",active,b_KvlV8Nyy3fAumdJRR-26,,40s,
1000420031,"80 Maiden Lane, New York, NY 10038",active,5APz9Ap-FqFNlNLvl8Jq-V,,40s,
1000430001,"44 Wall St, New York, NY 10005",active,1VO7yAsUWbstrqBltHjK6W,"{'year': 2022, 'month': 6, 'day': 19}",40s,
1000460001,"2 Wall St, New York, NY 10005",active,TlynJmWxJuOsdLVfbe-sH5,"{'year': 2022, 'month': 6, 'day': 19}",40s,
1000460009,"14 Wall St, New York, NY 10005",active,XWCM6FI49gkvzYaJGRqlK8,,40s,
1000480001,"140 Broadway, New York, NY 10005",active,-KiWVNLRfYGHf7nL-6rmnW,"{'year': 2022, 'month': 6, 'day': 19}",40s,
1000490002,"111 Broadway, New York, NY 10006",active,qp0_xG3_gdYYteDK3rV_jH,"{'year': 2023, 'month': 6, 'day': 17}",40s,
1000500001,"115 Broadway, New York, NY 10006",failed,sk_S5BYrG0R-q8h72vVk2V,,,
1000510007,"76 Trinity Pl, New York, NY 10006",active,-DGwO8sbZ6-c2A3pbVlDUg,"{'year': 2023, 'month': 6, 'day': 17}",40s,
1000640012,"150 Broadway, New York, NY 10038",active,hEm_JSQ3iv-jHC0Xv29O6-,"{'year': 2023, 'month': 6, 'day': 17}",40s,
1000640015,"160 Broadway, New York, NY 10038",active,7YKupxkVsJW6uJyFiptwpU,"{'year': 2023, 'month': 6, 'day': 17}",40s,
1000650007,"15 Maiden Lane, New York, NY 10038",failed,Nwi0vW24dlbCjfw_5Juh33,,,
1000660001,"19 Liberty St, New York, NY 10038",failed,csczs4Pkt5EmsR1QYglJQj,,,
1000670001,"59 Maiden Lane, New York, NY 10038",active,qN3FZDw3Yg8ipGxG3pPpd_,,40s,
1000680011,"75 Maiden Lane, New York, NY 10038",failed,6yhnTebHvmMLXSMnyWkJMd,,,
1000750030,"111 John St, New York, NY 10038",active,YjrRwNEsfEoeILZazWgXcn,"{'year': 2022, 'month': 6, 'day': 19}",40s,
1000770008,"110 William St, New York, NY 10038",active,tMOjE-4uw0Q5iSZ4ndnfdx,"{'year': 2022, 'month': 6, 'day': 19}",40s,
1000880001,"217 Broadway, New York, NY 10007",active,5vnwW58I6sVYMTPvu1zGat,,40s,
1000880010,"30 Vesey St, New York, NY 10007",active,BdzFuSsTboVvErPl1eD0jB,"{'year': 2023, 'month': 6, 'day': 17}",40s,
1000880018,"225 Broadway, New York, NY 10007",active,frCw_bCutOUhYDZKT6mumt,"{'year': 2022, 'month': 6, 'day': 19}",40s,
1000920024,"116 Nassau St, New York, NY 10038",active,f4Uo0dDV7Q2Fy9KP6UFU0I,"{'year': 2023, 'month': 6, 'day': 17}",40s,
1000940025,"100 Gold St, New York, NY 10038",active,dhptyJliZjNOlARj4bcISP,"{'year': 2022, 'month': 6, 'day': 19}",40s,
1001190001,"1 Police Plaza, New York, NY 10038",active,Jm14zk5671D7wf2Si_KLyg,"{'year': 2022, 'month': 6, 'day': 19}",40s,
1001210001,"1 Centre St, New York, NY 10013",active,3_RxUl2man3KONt5Hy8mcR,"{'year': 2023, 'month': 6, 'day': 17}",40s,
1001220001,"52 Chambers St, New York, NY 10007",active,b9Y_pzSN8UKuC9ZLOW2HT4,,40s,
1001240004,"11 Park Pl, New York, NY 10128",active,2KA64NrSYDQYWP_QlBg3N5,"{'year': 2023, 'month': 6, 'day': 17}",40s,
1001270018,"255 Greenwich St, New York, NY 10007",active,K8KLMQElSapGd_u_GBWBsm,"{'year': 2023, 'month': 6, 'day': 17}",40s,
1001480010,"71 Thomas St, New York, NY 10013",active,VpLLwbe-lyI_T42CF0KtYk,,40s,
1001530001,"280 Broadway, New York, NY 10007",active,K-Y2O_kGiJAx_qAa-TS-cP,,40s,
1001530024,"23 Chambers St, New York, NY 10007",active,nFCDjnD9JNIMOyZe9Gxac_,,40s,
1001540023,"14 Reade St, New York, NY 10007",active,tvBkVoupxmHCXb5TZOEgXg,,40s,
1001550001,"2 Lafayette St, New York, NY 10007",active,oU1edDSubrjn9k5JqSNnjU,"{'year': 2022, 'month': 6, 'day': 19}",40s,
1001550003,"52 Duane St, New York, NY 10007",active,cAH9_JByxX25pxqCWJaoeK,"{'year': 2022, 'month': 6, 'day': 19}",40s,
1001680032,"75 Centre St, New York, NY 10013",active,KPu9P6b46aoTATp0KUsIZ1,,40s,
1001940042,"60 Walker St, New York, NY 10013",active,S5vDbzpg5ihQnebTMeKgnl,,40s,
1001960005,"408 Broadway, New York, NY 10013",active,NpIYjO3vaonagFF2BBJRoe,,40s,
1002210030,"200 Hudson St, New York, NY 10013",active,nKRZv32B2cE-tlF25uq1MW,"{'year': 2022, 'month': 6, 'day': 19}",40s,
1002320001,"434 Broadway, New York, NY 10013",active,XOzJqXFNvt2xMlw5OgXWy3,,40s,
1004730001,"462 Broadway, New York, NY 10013",active,rXFByFDV676hrYbhvu8lEW,,40s,
1004740030,"483 Broadway, New York, NY 10013",active,1Q6lxJpJZA91rBGM908rKv,,40s,
1004820016,"72 Spring St, New York, NY 10012",active,BwpupMzXY6Z77wn-ldie6C,"{'year': 2022, 'month': 6, 'day': 19}",40s,
1004860011,"84 Wooster St, New York, NY 10012",active,1kLADoK5NRurnCrhKx7mOH,,40s,
1004960036,"71 Spring St, New York, NY 10012",active,iOY2kayaIPeXlH-3AzcglS,"{'year': 2022, 'month': 6, 'day': 19}",40s,
1004960040,"75 Spring St, New York, NY 10012",active,42Ny0ENul8N41sD54URuwu,"{'year': 2022, 'month': 6, 'day': 19}",40s,
1004970001,"530 Broadway, New York, NY 10012",active,f39iimFDSPQHqQJMuv3MjE,,40s,
1004980009,"557 Broadway, New York, NY 10012",active,kyVAtF87x72Z2nFoBxNrnz,,40s,
1004980011,"549 Broadway, New York, NY 10012",active,qZxrBWjZJea_pzWp3olTvF,,40s,
1004990007,"104 Greene St, New York, NY 10012",active,NMbX5ikbogzOEBK3HzhGSK,,40s,
1005000011,"120 Wooster St, New York, NY 10012",active,f3_xXoOzy-V4YDtOAZK6Yd,"{'year': 2022, 'month': 6, 'day': 19}",40s,
1005050036,"161 Ave Of The Americas, New York, NY 10013",active,LCYPCXJTuA3VDmzGTFwdnb,"{'year': 2023, 'month': 6, 'day': 17}",40s,
1005100001,"63 Prince St, New York, NY 10012",active,_TdQgEMVcqgMA9BTcMRl1y,,40s,
1005100038,"298 Lafayette St, New York, NY 10012",active,R0EPl6BdeklmozphCAKogP,"{'year': 2022, 'month': 6, 'day': 19}",40s,
1005110001,"568 Broadway, New York, NY 10012",active,QNcjaoa6J3J7RSsgaMCEMZ,,40s,
1005110006,"580 Broadway, New York, NY 10012",active,wQJRJ3ruUi3FCNiSvmdEHK,,40s,
1005110008,"584 Broadway, New York, NY 10012",active,Exon_J52Cw8BuLK0Kdk-V_,,40s,
1005110012,"592 Broadway, New York, NY 10012",active,PIS24VGtS9ReEq7WZH4JdG,"{'year': 2023, 'month': 6, 'day': 17}",40s,
1005120015,"591 Broadway, New York, NY 10012",active,Vy_avydOfVK9hFWlsC8BB0,,40s,
1005220001,"610 Broadway, New York, NY 10012",active,EhxZsPcFVYUt4ws71Ig0Tf,,40s,
1005230046,"625 Broadway, New York, NY 10012",active,f8LmwzQDQqkL82ZpPJSZGt,,40s,
1005300001,"670 Broadway, New York, NY 10012",active,lipw40fPxPa7JcrtdERw1n,,40s,
1005310020,"383 Lafayette St, New York, NY 10003",active,htBQBM6ljY6ELb_vVGcGZV,,40s,
1005320015,"661 Broadway, New York, NY 10012",active,GlGLc6EiwfQu_-W6tnMK2B,,40s,
1005440008,"409 Lafayette St, New York, NY 10003",requested,H-tAK9EaXEQkRRqIj_0VZf,,,
1005450006,"708 Broadway, New York, NY 10003",active,WJ4Uk_uAZJ8wqa4v3hvVdU,"{'year': 2022, 'month': 6, 'day': 19}",40s,
1005450015,"726 Broadway, New York, NY 10003",active,S29-9i9lqOk2tUPjU9hSln,"{'year': 2022, 'month': 6, 'day': 19}",40s,
1005450053,"400 Lafayette St, New York, NY 10003",active,pKTjpLLQ8Qz2QBgdDSve86,"{'year': 2022, 'month': 6, 'day': 19}",40s,
1005460021,"19 W 4Th St, New York, NY 10012",active,lTvLw3wzNzvCbalHi2yzcg,"{'year': 2023, 'month': 6, 'day': 17}",40s,
1005460026,"21 W 4th St, New York, NY 10012",active,mK4LaUkUpo_i1zQ2PH3DCX,"{'year': 2023, 'month': 6, 'day': 17}",40s,
1005480009,"13 University Pl, New York, NY 10003",active,vDwawjiNUoX570mBT1soV_,"{'year': 2023, 'month': 6, 'day': 17}",40s,
1005540001,"770 Broadway, New York, NY 10001",active,LTqPa5Ht94IpA-8efp8EGF,"{'year': 2023, 'month': 6, 'day': 17}",40s,
1005590016,"124 E 14th St, New York, NY 10003",active,wF9SuFMLNaPRdQ159njK3N,,40s,
1005630001,"83 University Pl, New York, NY 10003",active,QdFfwNtiLTl1WiC6cQlWIO,,40s,
1005630031,"817 Broadway, New York, NY 10003",active,0TUpuIvgLj3l2ciU-j--NZ,,40s,
1005630046,"57 E 11th St, New York, NY 10003",active,u7cfG86wx6In6eEm64DMpd,,40s,
1005650015,"849 Broadway, New York, NY 10003",active,y4mwzoBm29KfmkIwyQkiUG,"{'year': 2023, 'month': 6, 'day': 17}",40s,
1005760046,"60 5 Ave, New York, NY 10011",active,m-ONl8VvRqoF9TBP_0Evue,"{'year': 2022, 'month': 6, 'day': 19}",40s,
1005770034,"8 W 14th St, New York, NY 10011",active,LNCgMeYYgqBKsoVZP2fXgX,,40s,
1005780047,"250 Hudson St, New York, NY 10013",active,KcEKtOK4Yy3ow4Cn0lczZ8,"{'year': 2022, 'month': 6, 'day': 19}",40s,
1005810063,"225 Varick St, New York, NY 10014",active,8sbRuOON53rf6TELHtiNt3,"{'year': 2022, 'month': 6, 'day': 19}",40s,
1005970001,"515 Greenwich St, New York, NY 10013",active,ArgXO7DIOgu8VUMNSPF8JK,"{'year': 2022, 'month': 6, 'day': 19}",40s,
1005970012,"78 Vandam St, New York, NY 10013",active,-q479Kfha4UM99OVvm-m3L,,40s,
1005970062,"323 Hudson St, New York, NY 10013",active,eu6n2BXGv47xJbvKhHvlxO,"{'year': 2023, 'month': 6, 'day': 17}",40s,
1005990064,"375 Hudson St, New York, NY 10014",active,nkozqP-dLruLPj_r6GPzxG,,40s,
1006010047,"120 Leroy St, New York, NY 10014",active,M6JJ8aC_sORrpwIMkPLlvi,,40s,
1006020068,"435 Hudson St, New York, NY 10014",active,OqLYLRu053FB1RIy_fH-Ks,"{'year': 2022, 'month': 6, 'day': 19}",40s,
1006090007,"154 W 14th St, New York, NY 10011",active,3-1CbSlNhutmJvybls_YeX,"{'year': 2022, 'month': 6, 'day': 19}",40s,
1006450029,"416 W 13th St, New York, NY 10014",active,6CHe791fo5D0FHFMSxI0JY,,40s,
1006460001,"40 10 Ave, New York, NY 10034",active,t06uUWqrfzsHfVAzdQ8pCK,"{'year': 2023, 'month': 6, 'day': 17}",40s,
1006460019,"860 Washington St, New York, NY 10014",active,JVQLNx1i6Z8VSGVXYwB74H,,40s,
1006460027,"428 W 14th St, New York, NY 10014",active,h42uwVhtrqEPjvbcghkf2A,,40s,
1006720001,"601 W 26th St, New York, NY 10001",active,dlML7o-C2UFuZYORnYIy87,,40s,
1006980001,"244 11 Ave, New York, NY 10001",active,VpgQEhBqHs5ZvFzyxNNQU0,"{'year': 2023, 'month': 6, 'day': 17}",40s,
1007120029,"47 9 Ave, New York, NY 10011",active,owHe2NynnSNwSN4ymCK_5s,"{'year': 2023, 'month': 6, 'day': 17}",40s,
1007130001,"75 9 Ave, New York, NY 10011",active,4gIM8JO_ePy0LBUYPvUDwE,"{'year': 2022, 'month': 6, 'day': 19}",40s,
1007280060,"442 W 31st St, New York, NY 10001",active,UwCwlGjMCQ4xehIW2ki8Be,"{'year': 2023, 'month': 6, 'day': 17}",40s,
1007390001,"111 8 Ave, New York, NY 10011",active,sUqVZLmCbVVnQQaiFeHv6R,"{'year': 2022, 'month': 6, 'day': 19}",40s,
1007570054,"330 W 34th St, New York, NY 10001",active,dIn2u9wnUw7mF-5FyjmklA,"{'year': 2022, 'month': 6, 'day': 19}",40s,
1007580082,"440 9 Ave, New York, NY 10001",failed,iAEyNYvcKOEGLAJejUvVVK,,,
1007590045,"519 8 Ave, New York, NY 10018",active,jINLGE4-SCuudF1LcviCrH,"{'year': 2022, 'month': 6, 'day': 19}",40s,
1007600032,"307 W 36th St, New York, NY 10018",active,1ohVgIB3xlIiz5k7ZsUj2C,"{'year': 2022, 'month': 6, 'day': 19}",40s,
1007600055,"320 W 37th St, New York, NY 10018",active,P1-wDSd0H9vcnyiW8nMYi8,"{'year': 2022, 'month': 6, 'day': 19}",40s,
1007610033,"545 8 Ave, New York, NY 10018",active,YwxWkq_lWb7h70CgjV1wcZ,"{'year': 2022, 'month': 6, 'day': 19}",40s,
1007620033,"575 8 Ave, New York, NY 10018",active,5aV5h-frJVWKgz1XF7VP3v,"{'year': 2023, 'month': 6, 'day': 17}",40s,
1007620050,"318 W 39th St, New York, NY 10018",failed,O5G915ScABsoKUWwExxXUW,,,
1007630024,"315 W 39th St, New York, NY 10018",failed,JLCSfuVKDwsgtKY5p_naVA,,,
1007660061,"230 W 17th St, New York, NY 10011",active,4oJRyP1TMP3KG6QpT9kRNw,"{'year': 2022, 'month': 6, 'day': 19}",40s,
1007760059,"236 W 27th St, New York, NY 10001",active,_tETo1WQGjzJh_rpvR8vuB,"{'year': 2023, 'month': 6, 'day': 17}",40s,
1007780020,"239 W 28th St, New York, NY 10001",active,2YQcxJyVGKd7vWWWpgjrwO,,40s,
1007780036,"322-326 7Th Ave, New York, NY 10001",requested,6YOsvIuI5KjNblPFFNS43w,,,
1007780043,"330 7 Ave, New York, NY 10001",active,JoFR5EVbRenunUAviGdvSc,"{'year': 2022, 'month': 6, 'day': 19}",40s,
1007790013,"241 W 29th St, New York, NY 10001",requested,DHO37_CEtUkJF-z41bAGn7,,,
1007790017,"231 W 29th St, New York, NY 10001",active,7Pl_h6NVfa96ebpzSqE3gG,"{'year': 2023, 'month': 6, 'day': 17}",40s,
1007790041,"352 7 Ave, New York, NY 10001",active,3ddCT_b9pvBIn91N25Rto5,"{'year': 2022, 'month': 6, 'day': 19}",40s,
1007790057,"224 W 30th St, New York, NY 10001",active,sa83tV_mTezjefJx-_LlFh,"{'year': 2022, 'month': 6, 'day': 19}",40s,
1007790075,"400 8 Ave, New York, NY 10001",active,otc5aIWTfFiTUzbLSSWnrT,,40s,
1007800010,"251 W 30th St, New York, NY 10001",active,l8hClBz8d9GxfQPesm-R6A,"{'year': 2022, 'month': 6, 'day': 19}",40s,
1007800013,"247 W 30th St, New York, NY 10001",active,MEOJoSIkj9a2p7xAcr-Vsp,"{'year': 2022, 'month': 6, 'day': 19}",40s,
1007800036,"370 7 Ave, New York, NY 10001",active,9GdRrrnVM5QaaspZtO29Am,"{'year': 2022, 'month': 6, 'day': 19}",40s,
1007800071,"254 W 31st St, New York, NY 10001",active,I8dCNKmavYRjsey5bEN2kY,,40s,
1007830070,"250 W 34th St, New York, NY 10119",active,45puADk7b7FPFHxjo4q910,"{'year': 2022, 'month': 6, 'day': 19}",40s,
1007840041,"450 7 Ave, New York, NY 10123",active,2g-EJMEONDfY50GodgZK9q,"{'year': 2022, 'month': 6, 'day': 19}",40s,
1007840051,"212 W 35th St, New York, NY 10001",active,jWNGKvJwAaCFsayoJ4pHGY,"{'year': 2023, 'month': 6, 'day': 17}",40s,
1007840060,"224 W 35th St, New York, NY 10101",active,E_SugEB7UXEth7rdYHITWS,"{'year': 2023, 'month': 6, 'day': 17}",40s,
1007840064,"240 W 35th St, New York, NY 10001",active,8iuNaEvLWclfyOyfNLZrn6,"{'year': 2022, 'month': 6, 'day': 19}",40s,
1007850037,"462 7 Ave, New York, NY 10018",active,94fjhKHuughT9wDZMq-vAf,"{'year': 2022, 'month': 6, 'day': 19}",40s,
1007850041,"470 7 Ave, New York, NY 10018",active,euSr_UMysiN2yTuvZgIlm5,"{'year': 2022, 'month': 6, 'day': 19}",40s,
1007850067,"242 W 36th St, New York, NY 10018",active,dX9vdUPI9b4V1iHeC8jFDT,"{'year': 2022, 'month': 6, 'day': 19}",40s,
1007860013,"255 W 36th St, New York, NY 10018",active,IU_KTswc-udlqOP3lPFNwN,,40s,
1007860023,"229 W 36th St, New York, NY 10018",active,GvXM9JNiDm_qAeM5pCTxDn,,40s,
1007860051,"498 7 Ave, New York, NY 10018",active,rSQJqfJ5lXSEUUFiLPLXyS,"{'year': 2022, 'month': 6, 'day': 19}",40s,
1007860068,"240 W 37th St, New York, NY 10018",active,OYSrrCH6W9ZY_D8wRd6sCF,"{'year': 2022, 'month': 6, 'day': 19}",40s,
1007870020,"241 W 37th St, New York, NY 10018",active,yIRxrj5OM5bNrTovXGlajd,"{'year': 2022, 'month': 6, 'day': 19}",40s,
1007870040,"500 7 Ave, New York, NY 10018",active,Eh6v9vV-nDrlPODGh-S2GF,"{'year': 2022, 'month': 6, 'day': 19}",40s,
1007870044,"512 7 Ave, New York, NY 10018",active,z7fNPxjPg4IrlbiC18RjF7,"{'year': 2022, 'month': 6, 'day': 19}",40s,
1007870072,"256 W 38th St, New York, NY 10018",active,klINeqPULMsrZQ6SmKK-Uv,,40s,
1007880004,"580 8 Ave, New York, NY 10018",failed,FXus8xAaa95CANyAuVYZ0t,,,
1007880049,"530 7 Ave, New York, NY 10018",active,5mlpcUjcO_vXZOZTJ0M71Z,"{'year': 2022, 'month': 6, 'day': 19}",40s,
1007880073,"250 W 39th St, New York, NY 10018",failed,uNnjtAhIXSAGCN0vBQhHLo,,,
1007890014,"251 W 39th St, New York, NY 10018",failed,t-xKjSEqVIyQAaLeN4PdNs,,,
1007890021,"231 W 39th St, New York, NY 10018",active,dm4zgbv_aYK_WsHRm8QJVS,"{'year': 2023, 'month': 6, 'day': 17}",40s,
1007890036,"550 7 Ave, New York, NY 10018",active,SGv1PNtyzObkkbCrTKIPsW,"{'year': 2022, 'month': 6, 'day': 19}",40s,
1007890052,"218 W 40th St, New York, NY 10018",active,pehfVuHj1viHJQbcqlK97O,"{'year': 2023, 'month': 6, 'day': 17}",40s,
1007890062,"240 W 40th St, New York, NY 10018",failed,2i15gbw_QSqHJYI5_vF6lD,,,
1007940017,"135 W 18th St, New York, NY 10011",active,aaYWKYp5EIlwnkAdSO06jN,,40s,
1007940030,"615 Ave Of The Americas, New York, NY 10011",active,o4eW_3crT5W7OPVG-XaZCy,"{'year': 2023, 'month': 6, 'day': 17}",40s,
1007950028,"111 W 19th St, New York, NY 10011",active,k5gMJnjSDD8LmOiv0gNLlV,,40s,
1007950037,"635 Ave Of The Americas, New York, NY 10011",requested,HsxzV6kPZBa6LmrtJYw8e4,,,
1007950044,"641 Ave Of The Americas, New York, NY 10011",active,5DrGNcmISbj9LzN57zoGxv,"{'year': 2023, 'month': 6, 'day': 17}",40s,
1007990012,"155 W 23rd St, New York, NY 10011",active,NxecJN4NgstvbHmVfS0WbQ,"{'year': 2023, 'month': 6, 'day': 17}",40s,
1007990028,"119 W 23rd St, New York, NY 10011",active,uIAvRrfGo3hjgDjFhXcE9y,"{'year': 2022, 'month': 6, 'day': 19}",40s,
1008000025,"119 W 24th St, New York, NY 10011",requested,Y8iNUw87XjHDy6p2RSABRN,,,
1008000065,"150 W 25th St, New York, NY 10001",active,Cu6ezK1N6qBIHoHuKpwZU6,"{'year': 2023, 'month': 6, 'day': 17}",40s,
1008010001,"275 7 Ave, New York, NY 10001",active,MTSNTn0l5_Nb4WVwqo1Wzm,"{'year': 2022, 'month': 6, 'day': 19}",40s,
1008010024,"119 W 25th St, New York, NY 10001",active,bRILe_O89mg8QA5FYdFqJW,,40s,
1008010055,"122 W 26th St, New York, NY 10001",active,oTBxQkBXf0_ZjDO2t9Gx27,"{'year': 2022, 'month': 6, 'day': 19}",40s,
1008020008,"151 W 26th St, New York, NY 10001",active,niuy08uRntMYSiL4t-ojNE,"{'year': 2022, 'month': 6, 'day': 19}",40s,
1008020056,"122 W 27th St, New York, NY 10001",active,mYZ9g50qknDs2bPxRyBXKg,,40s,
1008020075,"158 W 27th St, New York, NY 10001",active,dtJVAdyXMJvP3Qz3a4x80p,"{'year': 2022, 'month': 6, 'day': 19}",40s,
1008030021,"121 W 27th St, New York, NY 10001",active,aD4aAuX0uQMaENuD23np6o,,40s,
1008030067,"150 W 28th St, New York, NY 10001",active,EVPgwQdLrK_N7Md2pbDC8_,,40s,
1008040001,"319 7 Ave, New York, NY 10001",requested,jYvxwfodHvuxGwJU45l-5p,,,
1008040011,"145 W 28th St, New York, NY 10001",active,ldpDmrloyMWVYqrGKnCi6G,,40s,
1008040044,"104 W 29th St, New York, NY 10001",active,sDNfakrToOT9Gyetj2FvkD,"{'year': 2022, 'month': 6, 'day': 19}",40s,
1008050003,"345 7 Ave, New York, NY 10001",active,nKqPURgAlFzNuGRswlq1KE,"{'year': 2022, 'month': 6, 'day': 19}",40s,
1008050019,"135 W 29th St, New York, NY 10001",failed,Kj7B9AMaUGwsy9A-idAUNh,,,
1008060009,"145 W 30th St, New York, NY 10001",active,Zo_hxO55x7WN6_Fe9zWXyT,"{'year': 2023, 'month': 6, 'day': 17}",40s,
1008070001,"393 7 Ave, New York, NY 10001",active,qhlAGT0-sOplEYY_6uJPh0,,40s,
1008070039,"875 Ave Of The Americas, New York, NY 10001",active,sqlXnvGbn51ArgTL0LLyf2,"{'year': 2023, 'month': 6, 'day': 17}",40s,
1008080040,"100 W 33rd St, New York, NY 10001",active,K3K_0rkHCVFpcC-MKwdcXN,"{'year': 2022, 'month': 6, 'day': 19}",40s,
1008110021,1333 BROADWAY,active,tjEZAEyKn5gCXC8JE1ruId,"{'year': 2022, 'month': 6, 'day': 19}",40s,
1008110031,"1350 Broadway, New York, NY 10018",active,FJw9_RvO_w6_NdSqmEJIS7,"{'year': 2022, 'month': 6, 'day': 19}",40s,
1008110051,"132 W 36th St, New York, NY 10018",active,GzKjA00QTewG6VeXPz1XVB,"{'year': 2022, 'month': 6, 'day': 19}",40s,
1008110056,"142 W 36th St, New York, NY 10018",active,9MAAYoOYzb1QBpYUMVIZ07,"{'year': 2022, 'month': 6, 'day': 19}",40s,
1008120006,"491 7 Ave, New York, NY 10018",active,HnWnV3SmBTyJrkG1558XU8,,40s,
1008120069,"148 W 37th St, New York, NY 10018",active,OK8lx8Q_JNzKqDXCkpYT7A,"{'year': 2022, 'month': 6, 'day': 19}",40s,
1008130055,"1385 Broadway, New York, NY 10018",active,dB7VWm7cTP7aWTfhcBA2rF,"{'year': 2022, 'month': 6, 'day': 19}",40s,
1008140046,"108 W 39th St, New York, NY 10018",active,_bCQTyGC00b06YCaE4BxSy,"{'year': 2022, 'month': 6, 'day': 19}",40s,
1008150001,"1411 Broadway, New York, NY 10018",active,m9R9m0dgttmITtUN1_5UKK,,40s,
1008150014,"1412 Broadway, New York, NY 10018",active,G-qjLfuA7Oxkfik4FI263B,,40s,
1008150046,"1430 Broadway, New York, NY 10018",active,84SJOHsaiS7h4-ACYXRF_U,,40s,
1008160037,"84 5 Ave, New York, NY 10011",active,zuHCUJhuoSh7_pP5xCYwrA,,40s,
1008190010,"47 W 17th St, New York, NY 10011",active,Yi8t0TIJfHGe3obQ7tgmzl,,40s,
1008190037,"118 5 Ave, New York, NY 10011",active,sWhT_lWU5zsUEZpVppbC-Y,,40s,
1008190039,"122 5Th Ave, New York, NY 10011",active,WsYIio6z8LpCxmrKVvro7W,,40s,
1008190056,"18 W 18th St, New York, NY 10011",active,jV6V7yl0-GzYse-mbVF1X5,,40s,
1008200026,"23 W 18th St, New York, NY 10011",active,_RQDwjadOFLEMRrY6TNEpJ,"{'year': 2022, 'month': 6, 'day': 19}",40s,
1008200038,"130 5 Ave, New York, NY 10011",active,5MHQlklzq9Znh4-ty0ZWoc,"{'year': 2022, 'month': 6, 'day': 19}",40s,
1008210014,"39 W 19th St, New York, NY 10011",active,ksUdq-g9mvkM_t9X3OdWsH,"{'year': 2022, 'month': 6, 'day': 19}",40s,
1008210032,"11 W 19th St, New York, NY 10011",active,rMlYmfwMKg-7LlEp-kUcOq,,40s,
1008210041,"148 5 Ave, New York, NY 10011",active,-sy8Fqbyn9JY1i3f-bJwyH,,40s,
1008210055,"18 W 20th St, New York, NY 10011",requested,y6eIjKVaBxv9bhzk_CjAZO,,,
1008220015,"27 W 20th St, New York, NY 10011",active,yW5wfIg6y9MB1GdLquapeT,"{'year': 2022, 'month': 6, 'day': 19}",40s,
1008220031,"154 5 Ave, New York, NY 10118",active,KgY_UFazEIVbiJiuAaqPMv,"{'year': 2023, 'month': 6, 'day': 17}",40s,
1008220049,"12 W 21st St, New York, NY 10010",active,8UttQsUzaRqRpUOIYCgeFZ,"{'year': 2022, 'month': 6, 'day': 19}",40s,
1008220052,"18 W 21st St, New York, NY 10010",active,srBxUPRhFZk8kP0L1jPOuk,,40s,
1008220070,"54 W 21st St, New York, NY 10010",active,Do8K5uugliapLeindXwFTh,"{'year': 2022, 'month': 6, 'day': 19}",40s,
1008230024,"19 W 21st St, New York, NY 10010",active,M3qbtfgHwCKd8wALxKgJ5M,"{'year': 2022, 'month': 6, 'day': 19}",40s,
1008230029,"15 W 21st St, New York, NY 10010",active,nwXJBbqGysh1o6hbPXodZr,"{'year': 2022, 'month': 6, 'day': 19}",40s,
1008240028,"40 W 23rd St, New York, NY 10010",active,GigTDtUBVbmRenhhhjiDHP,"{'year': 2023, 'month': 6, 'day': 17}",40s,
1008240032,"3 W 22nd St, New York, NY 10010",active,qGFkwTGkeuH9Xh_d4KcEmq,,40s,
1008250012,"49 W 23rd St, New York, NY 10010",active,xcq93S-FnodI3Iz_ekzn5W,"{'year': 2023, 'month': 6, 'day': 17}",40s,
1008260026,"19 W 24th St, New York, NY 10010",active,G3WwfcCeXDJCeJSBU_Wb8O,"{'year': 2022, 'month': 6, 'day': 19}",40s,
1008260046,"1115 Broadway, New York, NY 10010",active,1TwE58WM7WXvLc-yn8Yv2o,"{'year': 2022, 'month': 6, 'day': 19}",40s,
1008260057,"24 W 25th St, New York, NY 10010",active,cKzrf-6wpkEJI6y2zIs-5W,"{'year': 2023, 'month': 6, 'day': 17}",40s,
1008260065,"40 W 25th St, New York, NY 10010",active,A9co4xRp2Z0tRNWBWGRNTP,,40s,
1008260069,"48 W 25th St, New York, NY 10010",active,FrQGDxtOO2eMwu6sUKEpoO,"{'year': 2022, 'month': 6, 'day': 19}",40s,
1008280009,"37 W 26th St, New York, NY 10010",active,1ndQjdJ7-LuZia3U_RFGby,"{'year': 2022, 'month': 6, 'day': 19}",40s,
1008280033,"1140 Broadway, New York, NY 10001",active,Igy9xQs-FdvFNHFnLeajuW,,40s,
1008290011,"45 W 27th St, New York, NY 10001",active,bE2ed2qmCWSCCC9bwqsDo8,"{'year': 2022, 'month': 6, 'day': 19}",40s,
1008290016,"31 W 27th St, New York, NY 10001",active,qmD9XWwor1t0il-3QtZyFm,"{'year': 2022, 'month': 6, 'day': 19}",40s,
1008290032,"13 W 27th St, New York, NY 10001",active,5bpLPxKxZ6qrhA6V0Rx7On,"{'year': 2023, 'month': 6, 'day': 17}",40s,
1008290036,"236 5 Ave, New York, NY 10001",active,H9lFOIDo4mgYyoR7GdD9IJ,"{'year': 2022, 'month': 6, 'day': 19}",40s,
1008290068,"44 W 28th St, New York, NY 10001",active,j5o06lLuCtNZCDr77McjJb,"{'year': 2022, 'month': 6, 'day': 19}",40s,
1008300062,"1195 Broadway, New York, NY 10001",active,O3EeiFhmiJNeBar976JDDv,,40s,
1008320001,"856 Ave Of The Americas, New York, NY 10001",no_3d_imagery,pBkdY2LQhpblzTVlfL2viW,,,
1008320017,"1241 Broadway, New York, NY 10001",active,r_VRCe1HhdxMbnFVbWfdso,"{'year': 2023, 'month': 6, 'day': 17}",40s,
1008330006,"1255 Broadway, New York, NY 10001",requested,rMMTdj0Pmase3ubiPD7-na,,,
1008330011,"1240 Broadway, New York, NY 10001",active,51qiFyrAiQ-68q81ykFlea,"{'year': 2023, 'month': 6, 'day': 17}",40s,
1008330038,"302 5 Ave, New York, NY 10016",failed,fml2JDJkLe2oP302q0vzVN,,,
1008340019,"39 W 32nd St, New York, NY 10001",failed,dZAfu0cVnTSBRomCABmfw-,,,
1008340049,"4 W 33rd St, New York, NY 10001",active,XyR1-yzQFQJYwr5x0KGxGS,"{'year': 2023, 'month': 6, 'day': 17}",40s,
1008360007,"43 W 34th St, New York, NY 10001",failed,LEZulZtEPVlTApShn_uTaJ,,,
1008360026,"7 W 34th St, New York, NY 10001",active,nUTAArpUF-1phlpKRtMV7D,"{'year': 2022, 'month': 6, 'day': 19}",40s,
1008360033,"1 W 34th St, New York, NY 10001",active,bzbLseplQAxB52KD0JkOW9,"{'year': 2023, 'month': 6, 'day': 17}",40s,
1008360035,"358 5 Ave, New York, NY 10001",active,hywJ9H_VKBDVkaOqmr6kNv,"{'year': 2022, 'month': 6, 'day': 19}",40s,
1008360043,"366 5 Ave, New York, NY 10001",failed,vh4hYqhJlO8tkTtXqfYd1L,,,
1008370023,"29 W 35th St, New York, NY 10001",failed,kgp24JizkMjaVucClEOltO,,,
1008370036,"3 W 35th St, New York, NY 10018",active,PdLw42XjtHwcgqu2ys5cF-,"{'year': 2023, 'month': 6, 'day': 17}",40s,
1008370056,"16 W 36th St, New York, NY 10018",failed,vxbAAfYfTqifyMpI2J_bGB,,,
1008370058,"20 W 36th St, New York, NY 10018",failed,8pLYYUH-Vq2pXXvmFlNbir,,,
1008380008,"63 W 36th St, New York, NY 10018",failed,vN6GbKQLQ1AQ8ZI1pclDzf,,,
1008380012,"53 W 36th St, New York, NY 10018",failed,B7xAG0I-Wriei3IeHtR7cr,,,
1008380015,"43 W 36th St, New York, NY 10018",active,7wsUB1WbKvEBZTXp3hg_fR,"{'year': 2023, 'month': 6, 'day': 17}",40s,
1008380048,"402 5 Ave, New York, NY 10018",active,TCYUwJya2trV_urNphz97G,,,
1008380062,"20 W 37th St, New York, NY 10018",active,UTucTX3nm6tiOW76FjgGXy,"{'year': 2023, 'month': 6, 'day': 17}",40s,
1008380076,"48 W 37th St, New York, NY 10018",active,5uwkXdEFiVmxGIDneURCb6,"{'year': 2022, 'month': 6, 'day': 19}",40s,
1008390009,"49 W 37th St, New York, NY 10018",active,kl90zrbHWN2yebdnfTge2F,,40s,
1008390019,"35 W 37th St, New York, NY 10018",active,WV_YWtSU0yxxTd24OO3F0n,"{'year': 2023, 'month': 6, 'day': 17}",40s,
1008390070,"42 W 38th St, New York, NY 10018",active,cJgrqNnsxqvPkKCsTTR-ZI,"{'year': 2022, 'month': 6, 'day': 19}",40s,
1008400023,"29 W 38th St, New York, NY 10018",active,sGavpEbf1C11ECp_rEsWTL,,40s,
1008400028,"21 W 38th St, New York, NY 10018",active,hShsAA3xiJuZ7Jj1Qw_OXR,"{'year': 2022, 'month': 6, 'day': 19}",40s,
1008400031,"15 W 38th St, New York, NY 10018",active,ItgqJePAolgG8czui7suxq,"{'year': 2022, 'month': 6, 'day': 19}",40s,
1008400058,"16 W 39th St, New York, NY 10018",active,2PAugxjE2XY2k6FjEYB3b8,,40s,
1008400071,"42 W 39th St, New York, NY 10018",active,J5aihIJoZ4-Y-Ng-hSQzYy,"{'year': 2023, 'month': 6, 'day': 17}",40s,
1008410018,"35 W 39th St, New York, NY 10018",active,WGwHDOkTHdZmv_0H2ei8Kj,"{'year': 2022, 'month': 6, 'day': 19}",40s,
1008410031,"1 W 39th St, New York, NY 10018",active,BPf-zo1Wwy_rtaW3So8sVK,,40s,
1008410049,"452 5 Ave, New York, NY 10018",active,Vlmwbr1x4rCE_nRDTDRFh9,,40s,
1008410054,"8 W 40th St, New York, NY 10018",active,vE8BFgk-wfDErrF1c7zod3,,40s,
1008420042,"71 5 Ave, New York, NY 10003",active,iLynXGWRS5DOMWWbZnl_RE,,40s,
1008430045,"79 5 Ave, New York, NY 10003",active,UrJa1E5dz39nclEcoJ5jfw,"{'year': 2022, 'month': 6, 'day': 19}",40s,
1008440001,"85 5 Ave, New York, NY 10003",active,DpH7g6ithZAuS6Uu2TZv99,"{'year': 2022, 'month': 6, 'day': 19}",40s,
1008440003,"87 5 Ave, New York, NY 10003",active,vgyMq-ywEHRNnAEIC1KZOw,,40s,
1008440042,"91 5 Ave, New York, NY 10003",active,6DdqNiwgTdT05pTlBEJ7kL,"{'year': 2022, 'month': 6, 'day': 19}",40s,
1008460026,"860 Broadway, New York, NY 10003",active,0fGkC6X5UMkTBB3zlM2zTD,,40s,
1008470040,"230 Park Ave South, New York, NY 10003",active,fZaFSKJ9unlJd6uetw1cm5,"{'year': 2022, 'month': 6, 'day': 19}",40s,
1008490016,"902 Broadway, New York, NY 10010",active,aHVOb1cgqdaIBPZC2Hb_y6,"{'year': 2022, 'month': 6, 'day': 19}",40s,
1008490031,"45 E 20th St, New York, NY 10003",failed,KCWu6cRNtkAKS2Pz2hqXAs,,,
1008490063,"912 Broadway, New York, NY 10010",active,JVHM10CnmEVriSh7Q658ye,"{'year': 2023, 'month': 6, 'day': 17}",40s,
1008500001,"149 5 Ave, New York, NY 10010",active,X0-rnagKAeFZ1tco3PU5kH,"{'year': 2022, 'month': 6, 'day': 19}",40s,
1008500025,"33 E 21st St, New York, NY 10010",failed,9f9ctzzHnQnfqioJTK1ZMq,,,
1008510041,"304 Park Ave South, New York, NY 10010",active,xUTgeAyh39nyXopLUVFD6r,"{'year': 2022, 'month': 6, 'day': 19}",40s,
1008550037,"35 Madison Ave, New York, NY 10010",active,0MfdU27Zv4S5z3uRB3j02R,,40s,
1008560009,"11 E 26th St, New York, NY 10010",active,9c-AETZ5s0fBTUeOL3EKMH,"{'year': 2022, 'month': 6, 'day': 19}",40s,
1008560058,"60 Madison Ave, New York, NY 10010",active,sSzI5_LoQr-9TNLWmwg5CB,"{'year': 2022, 'month': 6, 'day': 19}",40s,
1008570024,"63 Madison Ave, New York, NY 10016",active,N4C-6IY5N-6MExlO1JpLb2,,40s,
1008570062,"72 Madison Ave, New York, NY 10016",failed,sPRIRdKBNvOYHOdJL7ZXz_,,,
1008580006,"3 E 28th St, New York, NY 10016",failed,uVBy6SZhflRs3HhnXEoFwi,,,
1008580022,"79 Madison Ave, New York, NY 10016",active,7-tsBg_Y1YmSbCteqCLZmY,,40s,
1008580049,"38 E 29th St, New York, NY 10016",active,zXtmsr98ibz_iHpqdk4uMM,"{'year': 2022, 'month': 6, 'day': 19}",40s,
1008590015,"102 Madison Ave, New York, NY 10016",active,FWbHhOK3XqqF2brQkbskQi,"{'year': 2022, 'month': 6, 'day': 19}",40s,
1008590024,"99 Madison Ave, New York, NY 10016",failed,BXacHx-KtkZKMtNmzq9maP,,,
1008590048,"434 Park Ave South, New York, NY 10016",active,wbt7KscPz1XAfy7oJih8LS,,40s,
1008590052,"44 E 30th St, New York, NY 10016",active,idJ199YLW1QaE5BjXTptyk,"{'year': 2023, 'month': 6, 'day': 17}",40s,
1008590064,"105 Madison Ave, New York, NY 10016",active,iL-EVf_pYQEsMRK0nKOPPp,"{'year': 2022, 'month': 6, 'day': 19}",40s,
1008590072,"112 Madison Ave, New York, NY 10016",active,Nr5NGND_Jb6YNAKfUTeDUe,"{'year': 2023, 'month': 6, 'day': 17}",40s,
1008600001,"285 5 Ave, New York, NY 10118",failed,Vb7Z8azN7v6ZV1AEITvCmL,,,
1008600045,"450 Park Ave South, New York, NY 10016",active,-AcWbQA2dTb7om9QXqBy-r,"{'year': 2022, 'month': 6, 'day': 19}",40s,
1008610001,"303 5 Ave, New York, NY 10016",failed,msUj5yKdTkp3lW1tW0Lubk,,,
1008610015,"134 Madison Ave, New York, NY 10016",requested,BA0e_EXnXp9shp8Q4vtGjL,,,
1008610022,"135 Madison Ave, New York, NY 10016",active,i93cRa9ZUQLRaok6SJDGp3,"{'year': 2022, 'month': 6, 'day': 19}",40s,
1008610047,"44 E 32nd St, New York, NY 10016",active,t38ZxhE9No9iKQ9yANN_W7,"{'year': 2023, 'month': 6, 'day': 17}",40s,
1008610049,"38 E 32nd St, New York, NY 10016",failed,KAvd4QuETXlIcAaL6IDTLQ,,,
1008610064,"148 Madison Ave, New York, NY 10016",failed,-8HkMJLIilATtPSirSpt2e,,,
1008610072,"6 E 32nd St, New York, NY 10016",failed,DWRbDmuef86GVvetCFOxeC,,,
1008610075,"315 5 Ave, New York, NY 10016",failed,hT_djIBNnBJ0_0xuE-P8By,,,
1008620013,"15 E 32nd St, New York, NY 10016",failed,nKtSr60bt9ZHHJZ99NePw8,,,
1008620026,"31 E 32nd St, New York, NY 10016",active,iUoiNCF3-LnTwfExViqIik,"{'year': 2023, 'month': 6, 'day': 17}",40s,
1008620045,"30 E 33rd St, New York, NY 10016",active,nM_SZCjFUh-r0iGbZNztwJ,,40s,
1008630027,"169 Madison Ave, New York, NY 10016",requested,y5WcuvenXj-UVkiTPtTeLj,,,
1008630060,"183 Madison Ave, New York, NY 10016",active,rCzaoogNGY5aZov5hZ5Rau,"{'year': 2023, 'month': 6, 'day': 17}",40s,
1008630067,"178 Madison Ave, New York, NY 10016",failed,f6GL-8Wub77p45pjLTTtv0,,,
1008650014,"200 Madison Ave, New York, NY 10016",active,e8bdjz-STHc-fWTJJSI42y,"{'year': 2022, 'month': 6, 'day': 19}",40s,
1008660001,"389 5 Ave, New York, NY 10016",requested,mzytnRDIgWdIVRhwftY8JE,,,
1008660076,"397 5 Ave, New York, NY 10016",active,mKMOKLg4X-yk1_OveCsqQJ,"{'year': 2023, 'month': 6, 'day': 17}",40s,
1008680008,"5 E 38th St, New York, NY 10016",active,3aoMrht44XYJExPNSHFvPX,,40s,
1008680016,"260 Madison Ave, New York, NY 10016",active,SrIYBSUC7jrmFCLayumARI,"{'year': 2022, 'month': 6, 'day': 19}",40s,
1008680025,"261 Madison Ave, New York, NY 10016",active,I3FaKa-5qin7vSeHP4v8CD,,40s,
1008680072,"437 5 Ave, New York, NY 10016",active,euuKKohx1z81OgKXAIRzwl,"{'year': 2022, 'month': 6, 'day': 19}",40s,
1008690034,"90 Park Ave, New York, NY 10016",active,3a1TV4MgVfKzts9U8XIkJZ,"{'year': 2022, 'month': 6, 'day': 19}",40s,
1008690066,"10 E 40th St, New York, NY 10016",active,Kulh_zC3YRd_6-v3TgIRun,"{'year': 2022, 'month': 6, 'day': 19}",40s,
1008710003,"32 Union Square, New York, NY 10003",active,RcMZe9GhZ5FnS3BP_6O1-L,"{'year': 2022, 'month': 6, 'day': 19}",40s,
1008710060,"30 Irving Pl, New York, NY 10003",active,vGGn3Go0GeDsKEHa8dUsXT,,40s,
1008710070,"116 E 16th St, New York, NY 10003",active,asfvh5BHt9YT7Q_XHBGymJ,,40s,
1008720013,"35 Irving Pl, New York, NY 10003",active,l93hjlgtdLKEyyxa4anZSf,,40s,
1008730067,"215 Park Ave South, New York, NY 10003",active,w2wmoxZBgeIr1xSvgn9Rp-,"{'year': 2022, 'month': 6, 'day': 19}",40s,
1008760001,"251 Park Ave South, New York, NY 10010",active,pjSVV9WCtDAQGEKvZq8P1I,"{'year': 2022, 'month': 6, 'day': 19}",40s,
1008760006,257 PARK AVENUE SOUTH,active,-1kegiMRpmgZGm87nxJppN,"{'year': 2022, 'month': 6, 'day': 19}",40s,
1008780065,"120 E 23rd St, New York, NY 10010",active,9fiEgeLDGyYwmTjq4zryvX,"{'year': 2023, 'month': 6, 'day': 17}",40s,
1008790081,"315 Park Ave South, New York, NY 10010",active,d6-QVD69W0VfaZFTTH3tzm,"{'year': 2022, 'month': 6, 'day': 19}",40s,
1008800014,"121 E 24th St, New York, NY 10010",active,o6j_Av6FNu1g5nK8-4mvvd,,40s,
1008800084,"104 E 25th St, New York, NY 10010",active,OFk-F-vE0U1lYd0VJ5ExXs,,40s,
1008810001,"351 Park Ave South, New York, NY 10010",active,h0pmDPQsRrWGw3hmZZk_1a,,40s,
1008820076,"116 E 27th St, New York, NY 10016",active,SOKltYAy7V2LFVtcgcRQJQ,"{'year': 2022, 'month': 6, 'day': 19}",40s,
1008830088,"401 Park Ave South, New York, NY 10016",active,6YGe2D0eSwy72SetXTlKG6,"{'year': 2022, 'month': 6, 'day': 19}",40s,
1008860001,"443 Park Ave South, New York, NY 10016",active,62hW0f4a_hvQsqSYkrF1uE,"{'year': 2022, 'month': 6, 'day': 19}",40s,
1008870095,"471 Park Ave South, New York, NY 10016",active,PkegmIeEM3MxuqmJD1o-MP,,40s,
1009030047,"220 E 23rd St, New York, NY 10010",active,WjK-6UVO8WV4Lqfq0H8ni_,"{'year': 2022, 'month': 6, 'day': 19}",40s,
1009400012,"321 E 34th St, New York, NY 10016",active,S8dQPmQyEedtIR0HLTlAIS,,40s,
1009930001,"561 7 Ave, New York, NY 10018",active,NyVazDmO7fn4QG2CRl9VFK,"{'year': 2023, 'month': 6, 'day': 17}",40s,
1009930022,"115 W 40th St, New York, NY 10018",active,TEz61OytlFaMNtdAw7wOjN,"{'year': 2023, 'month': 6, 'day': 17}",40s,
1009930029,"5 Bryant Park, New York, NY 10018",failed,qrA4NeAO_MJec7xhHyfhMY,,,
1009930055,"1441 Broadway, New York, NY 10018",active,mOABLL7BmQNXkY_PV4Zmqy,,40s,
1009940001,"1459 Broadway, New York, NY 10019",active,6ZFHaW3QXnjX_xmkLdJntS,"{'year': 2023, 'month': 6, 'day': 17}",40s,
1009950033,"1111 Ave Of The Americas, New York, NY 10036",requested,jqgnVHBl3fHCDpvrPcZQnJ,,,
1009960001,"1500 Broadway, New York, NY 10036",no_3d_imagery,YG_Ep93Ucv1wBNt6hcHNqR,,,
1009960029,"1133 Ave Of The Americas, New York, NY 10036",active,K0dAxT5rnZ2-Ewjz_2TRZJ,"{'year': 2023, 'month': 6, 'day': 17}",40s,
1009970029,"1155 Ave Of The Americas, New York, NY 10036",requested,_Y5AvOUcIwGlDRmypl1ufb,,,
1009970041,"120 W 45th St, New York, NY 10036",active,b_az6AmaBHePKJEUP2pQzB,,40s,
1009980012,"145 W 45th St, New York, NY 10036",active,wEMwkiSbP3cCbHFvgY3G20,"{'year': 2022, 'month': 6, 'day': 19}",40s,
1009980024,"115 W 45th St, New York, NY 10036",requested,DUCwsYwoqgOF--__16XCG1,,,
1009990003,"1560 Broadway, New York, NY 10036",active,n4Mdla3ULSXyNT2K-KWTD8,"{'year': 2022, 'month': 6, 'day': 19}",40s,
1009990009,"151 W 46th St, New York, NY 10036",requested,axV-7Ye0A-xkkj-p5i2PBg,,,
1009990019,"114 W 47th St, New York, NY 10036",active,vc8h0Ymjlc2ZlXUkjY7QvC,"{'year': 2022, 'month': 6, 'day': 19}",40s,
1009990029,"1185 Ave Of The Americas, New York, NY 10036",active,bzUm4sr2G-G0C4Ddx1XLCq,"{'year': 2023, 'month': 6, 'day': 17}",40s,
1010030005,"135 W 50th St, New York, NY 10020",active,P2fTE0vvPX1aF6shfKt-ph,,40s,
1010040020,"787 7 Ave, New York, NY 10019",active,xk_WJEGz4WpaEVJKlvGdi0,"{'year': 2022, 'month': 6, 'day': 19}",40s,
1010040029,"1285 Ave Of The Americas, New York, NY 10019",active,HBCSUhcSeD2vTwl7xG6kXN,"{'year': 2023, 'month': 6, 'day': 17}",40s,
1010070029,"1345 Ave Of The Americas, New York, NY 10019",failed,uBmx6tat1G-PAseH3Rt9bp,,,
1010080037,"106 W 56th St, New York, NY 10019",failed,pBcVGW7xrVh7Hc_KLsFuF5,,,
1010090005,"152 W 57th St, New York, NY 10019",active,QMDDqJO27vQsBG-u5umgbc,"{'year': 2022, 'month': 6, 'day': 19}",40s,
1010140033,"3 Times Square, New York, NY 10036",active,Ma1ek76iRwKo-NIws3ojGy,"{'year': 2022, 'month': 6, 'day': 19}",40s,
1010150029,"1493 Broadway, New York, NY 10036",active,Q2qaqN22J9EJD96BdN8NBk,,40s,
1010160036,"1515 Broadway, New York, NY 10036",active,Q5sbZw6m-ZXdi275sRT94f,,40s,
1010210019,"1613 Broadway, New York, NY 10019",failed,S6rkuQwSFtAJQ5TJNleIFY,,,
1010240015,"1675 Broadway, New York, NY 10019",active,hsyXQO6XfvRRJiREafau1_,,40s,
1010250025,"1690 Broadway, New York, NY 10019",active,z-RKfIU3naxgwdWU1Bpw5i,,40s,
1010250043,"1697 Broadway, New York, NY 10019",failed,VdCwcfe5Pd-kAIjJn0w4zX,,,
1010260032,"848 7 Ave, New York, NY 10019",failed,ik7ITisHy0htIhpv-vSmLr,,,
1010270020,"1740 Broadway, New York, NY 10019",active,qsM47yxk2GgYPFL3usMt8p,"{'year': 2022, 'month': 6, 'day': 19}",40s,
1010280029,"888 7 Ave, New York, NY 10106",active,fEthM3iiY1jSj_OHOM_LBG,,40s,
1010290053,"1784 Broadway, New York, NY 10019",active,d_sFIrRrxasubbnZBQ0itS,,40s,
1010320048,"330 W 42nd St, New York, NY 10036",active,h-0pHvfNrXZbIjSxvOfv8Q,,40s,
1010400029,"825 8 Ave, New York, NY 10019",active,WuaCH6pPJ27Rmo2OqNgzC9,"{'year': 2022, 'month': 6, 'day': 19}",40s,
1010540041,"420 W 45th St, New York, NY 10036",active,3JM06zf3_6wsMQl31ipx8r,,40s,
1011020018,"619 W 54th St, New York, NY 10019",active,eC5H7UxEo2i-Eq248xysAp,,40s,
1011050036,"600 W 58th St, New York, NY 10019",active,TAwjuw-4Swr_DJndf3riZx,"{'year': 2022, 'month': 6, 'day': 19}",40s,
1011130051,"16 W 61st St, New York, NY 10023",active,GDd6Whdyy7ZP10ReVFIXki,,,
1012590019,"23 W 43rd St, New York, NY 10036",active,fDVerY76GXreU6F7-7Ob9A,"{'year': 2023, 'month': 6, 'day': 17}",40s,
1012600024,"19 W 44th St, New York, NY 10036",active,iTvoNQGNIGCgWeTxV6sWhv,,40s,
1012600042,"2 W 45th St, New York, NY 10036",active,93JEldzegSfSe_kc7k5p_S,"{'year': 2022, 'month': 6, 'day': 19}",40s,
1012600064,"56 W 45th St, New York, NY 10036",active,4E4jzJzJDbewdNLFk9f3b4,,40s,
1012600071,"1156 Ave Of The Americas, New York, NY 10036",active,Z7Hdvsazs-IbRP0Z5kXovZ,"{'year': 2023, 'month': 6, 'day': 17}",40s,
1012610016,"45 W 45th St, New York, NY 10036",active,7MFLj9uJrjANelppPHGAZJ,,40s,
1012610019,"35 W 45th St, New York, NY 10036",active,6fCqoi_2kYvZzjBreHiQK6,,40s,
1012610021,"25 W 45th St, New York, NY 10036",active,Hj0ujaoqncsISWR-JpCbsi,"{'year': 2022, 'month': 6, 'day': 19}",40s,
1012610030,"7 W 45th St, New York, NY 10036",active,9pynTfdzc5Qh2FgJJ-uu3x,"{'year': 2022, 'month': 6, 'day': 19}",40s,
1012610034,"546 5 Ave, New York, NY 10036",active,WXWONHuNT1nwN4aH_XKuH8,"{'year': 2022, 'month': 6, 'day': 19}",40s,
1012610036,"550 5 Ave, New York, NY 10036",active,PzfUhdA2GRI22yxK-rDe_y,"{'year': 2022, 'month': 6, 'day': 19}",40s,
1012610042,"2 W 46th St, New York, NY 10036",active,6vw8w0geUTpO0o3cfZsdN0,"{'year': 2022, 'month': 6, 'day': 19}",40s,
1012620024,"21 W 46th St, New York, NY 10036",active,X4j8WajxReS5u2c4vpW97y,,40s,
1012620048,"16 W 47th St, New York, NY 10036",active,KqoE8BQM3lyqX3C139wgYo,,40s,
1012620054,"30 W 47th St, New York, NY 10036",active,J8oEAej2BX84MhxR-ShDBo,"{'year': 2023, 'month': 6, 'day': 17}",40s,
1012630007,"55 W 47th St, New York, NY 10036",requested,kC4ASJfzhd95jjxfauF2ek,,,
1012630038,"590 5 Ave, New York, NY 10036",active,I1fH9vUBOzt_3fWa6Im9SZ,"{'year': 2022, 'month': 6, 'day': 19}",40s,
1012630051,"22 W 48th St, New York, NY 10036",active,6vNT8Sg-CbZIiIBTL7-n92,,,
1012630059,"42 W 48th St, New York, NY 10036",failed,YfpWcuzG_i4gJ57LpctbfW,,,
1012630071,"1212 Ave Of The Americas, New York, NY 10036",no_3d_imagery,SY92n_RdKMErr5Yie78Rwb,,,
1012640040,"608 5 Ave, New York, NY 10020",active,4YXnqvMkCGM5l-tYyNNKxW,,40s,
1012670001,"1290 Ave Of The Americas, New York, NY 10104",active,FXaXnb8J-ucBj8QGSPaT9F,"{'year': 2022, 'month': 6, 'day': 19}",40s,
1012670022,"15 W 51st St, New York, NY 10104",active,42dumm-rVhoJo_V3BkDyiP,"{'year': 2023, 'month': 6, 'day': 17}",40s,
1012670034,"640 5 Ave, New York, NY 10019",active,QKwmBm38BOY9df5Ky6Lc1g,"{'year': 2023, 'month': 6, 'day': 17}",40s,
1012670041,"650 5 Ave, New York, NY 10019",active,RgR2g2xwirpHumOO4eEOyn,"{'year': 2022, 'month': 6, 'day': 19}",40s,
1012680001,"51 W 52nd St, New York, NY 10019",active,EsmEm9jjWRdSgQXhloGdrJ,"{'year': 2023, 'month': 6, 'day': 17}",40s,
1012690001,"1330 Ave Of The Americas, New York, NY 10019",requested,epnR8QjAdbKjwmaY43gJHR,,,
1012700049,"20 W 55th St, New York, NY 10019",failed,crA0gN0IK0RvRJ2heVOUTd,,,
1012700071,"1350 Ave Of The Americas, New York, NY 10019",active,I4_Hi4k0dTh4ZAv8cG1-6J,"{'year': 2023, 'month': 6, 'day': 17}",40s,
1012710038,"712 5 Ave, New York, NY 10019",active,Df61X3jm65-Aj1wIPepiAw,"{'year': 2023, 'month': 6, 'day': 17}",40s,
1012710071,"1370 Ave Of The Americas, New York, NY 10019",no_3d_imagery,EOVIAbpO88jo2LGB9DEjcQ,,,
1012720034,"720 5 Ave, New York, NY 10019",active,0QjeGH1owO6g5Z0RjAmy0z,"{'year': 2023, 'month': 6, 'day': 17}",40s,
1012720066,"48 W 57th St, New York, NY 10019",failed,Kah7OnXlPx2_K7Hbd1BNP9,,,
1012730001,"1400 Ave Of The Americas, New York, NY 10019",requested,TdpSJcku53b1lWmz-qumTj,,,
1012730012,"37 W 57th St, New York, NY 10019",failed,aWab_r2J6c2Qhq6rFVLDFH,,,
1012750001,"461 5 Ave, New York, NY 10017",active,JfZtVKF73GNKmJqB8F3XsX,"{'year': 2023, 'month': 6, 'day': 17}",40s,
1012750012,"15 E 40th St, New York, NY 10016",active,J3tVKWrZMw8dkXu1XVkVW1,"{'year': 2023, 'month': 6, 'day': 17}",40s,
1012750014,"284 Madison Ave, New York, NY 10017",active,bFPqdm_h44q_6HhuHnqUkJ,"{'year': 2023, 'month': 6, 'day': 17}",40s,
1012750023,"285 Madison Ave, New York, NY 10017",active,w9dJ0xsHc8kbjX8FWw_Dfl,"{'year': 2022, 'month': 6, 'day': 19}",40s,
1012750027,"100 Park Ave, New York, NY 10017",active,n_EsLzeeeHzdZfC2JoprrY,"{'year': 2022, 'month': 6, 'day': 19}",40s,
1012750059,"292 Madison Ave, New York, NY 10017",failed,BqvtsNknM77-CkTJ5sT_gw,,,
1012770014,"330 Madison Ave, New York, NY 10017",active,gjg66BuNbR2Q6URwXwVqnj,,40s,
1012770069,"511 5 Ave, New York, NY 10017",active,B-czHjrpEzL9j-fX7W-p81,"{'year': 2022, 'month': 6, 'day': 19}",40s,
1012780001,"521 5 Ave, New York, NY 10018",requested,XFjk-e3vx5YNbSR032n6db,,,
1012780014,"340 Madison Ave, New York, NY 10173",active,zyrEeL6a1-WkS8Woqh_WTX,"{'year': 2022, 'month': 6, 'day': 19}",40s,
1012780069,"529 5 Ave, New York, NY 10173",failed,lh9yxi37NQSQAzywTHO6Lw,,,
1012790057,"352 Madison Ave, New York, NY 10017",failed,uK41MUQUerBKgh_BP5Zj40,,,
1012790069,"545 5 Ave, New York, NY 10017",failed,M3iW_cmfAzE0YWHuwf1Q9C,,,
1012810059,"18 E 46th St, New York, NY 10017",failed,xQueuq765CV2-AB8gE0iMD,,,
1012810069,"553 5 Ave, New York, NY 10017",active,05rqhwzNrBclWycdbwKSYV,,40s,
1012830017,"400 Madison Ave, New York, NY 10017",active,SCmiHyFgJ_rkdeMvqb1Ydy,,40s,
1012830069,"589 5 Ave, New York, NY 10017",active,UueBfyh-YnW1tgQgd20_in,"{'year': 2022, 'month': 6, 'day': 19}",40s,
1012840007,"7 E 48th St, New York, NY 10017",active,ff3OHvdj5ejn8TkGQnNuXr,"{'year': 2023, 'month': 6, 'day': 17}",40s,
1012840056,"424 Madison Ave, New York, NY 10017",active,wCZpwP7wDU7qfCND4rB2CY,,40s,
1012850021,"437 Madison Ave, New York, NY 10022",active,3jmIKmTsDPab_YNFn1C-nX,,40s,
1012860043,"34 E 51st St, New York, NY 10022",failed,avyT1Sa8FLCQWJ0dMAlcj7,,,
1012870014,488 MADISON AVENUE,failed,,,,"{
  ""error"": {
    ""code"": 400,
    ""message"": ""Address not supported."",
    ""status"": ""INVALID_ARGUMENT""
  }
}
"
1012870021,"477 Madison Ave, New York, NY 10022",active,Kj4ZKMIjEGuEs6T_1Fqgx8,"{'year': 2022, 'month': 6, 'day': 19}",40s,
1012870033,"350 Park Ave, New York, NY 10022",active,qiwn6cFcLrEtdznu1T2P9K,"{'year': 2022, 'month': 6, 'day': 19}",40s,
1012870052,"485 Madison Ave, New York, NY 10022",active,zS3bLBrZmah2ag1JZrkQxa,,40s,
1012880001,"655 5 Ave, New York, NY 10022",active,Cg43FnoPBil7P2K86CL86t,"{'year': 2022, 'month': 6, 'day': 19}",40s,
1012880007,"10 E 53rd St, New York, NY 10022",active,zuRYGRSB3zQiAQUE0x1utp,"{'year': 2022, 'month': 6, 'day': 19}",40s,
1012890021,"515 Madison Ave, New York, NY 10022",failed,T2m5fb28eOS8hV_a7aOQBq,,,
1012890052,"527 Madison Ave, New York, NY 10022",failed,DZ24m2NiX2nx5zcepxOpxt,,,
1012900001,"689 5 Ave, New York, NY 10022",failed,J7KbvErIaz4oziZdEN9fWn,,,
1012900003,"693 5 Ave, New York, NY 10022",failed,2NzwRr5EFe27BWq3ncbT6Q,,,
1012900006,"3 E 54th St, New York, NY 10022",requested,T_-EubzkLwCWPGLQ-tfskb,,,
1012900037,"410 Park Ave, New York, NY 10022",failed,wRI76bugYVqHCPFUzH5Bcz,,,
1012900044,"66 E 55th St, New York, NY 10022",active,BDAeYPg-P5JcFGzGJkGroX,"{'year': 2023, 'month': 6, 'day': 17}",40s,
1012910001,"711 5 Ave, New York, NY 10022",failed,V_P6_y-qvMAESjwTWNJ8xe,,,
1012910010,"550 Madison Ave, New York, NY 10022",active,o8eQHnz_9JCxu2_5NrRxOO,,40s,
1012910021,"551 Madison Ave, New York, NY 10022",failed,RvkTS08dttJ0QftRHQyERO,,,
1012910028,"65 E 55th St, New York, NY 10022",active,tAM6npr11SpIUGDFmow5pJ,"{'year': 2022, 'month': 6, 'day': 19}",40s,
1012910038,"430 Park Ave, New York, NY 10022",active,7VvthHXl53NvdLt-txqm0i,"{'year': 2022, 'month': 6, 'day': 19}",40s,
1012910045,"60 E 56th St, New York, NY 10022",active,7FjKS2srIQ08ArIRZ2NY1C,"{'year': 2023, 'month': 6, 'day': 17}",40s,
1012920037,"450 Park Ave, New York, NY 10022",active,sfB-QBdTexa4eEBwNTllsz,"{'year': 2022, 'month': 6, 'day': 19}",40s,
1012920048,"32 E 57th St, New York, NY 10022",active,g-caOCaI5U6ziMkLxHVsAC,,40s,
1012920052,"575 Madison Ave, New York, NY 10022",active,ngZJCAYDx-YHWB-zCvS45v,"{'year': 2023, 'month': 6, 'day': 17}",40s,
1012930026,"597 Madison Ave, New York, NY 10022",active,NeNJxC2oNQwS38VJ8YQMwu,,40s,
1012930035,"460 Park Ave, New York, NY 10022",active,fKSFKEd4R9SowbW-2Qs4PH,,40s,
1012930059,"600 Madison Ave, New York, NY 10022",failed,Uo0exfDg-oa5e4j-6hs4DO,,,
1012930069,"745 5 Ave, New York, NY 10022",failed,UlOdx8ZxlMroxPZNpWlAb_,,,
1012940037,"500 Park Ave, New York, NY 10022",failed,qgwpim6elz5Unj58KMoBXO,,,
1012940046,"625 Madison Ave, New York, NY 10022",active,Y31WzLMVMXp_KeszOM_Vfy,"{'year': 2022, 'month': 6, 'day': 19}",40s,
1012950017,"354 Lexington Ave, New York, NY 10017",failed,DeGT4r8_pZBWbIiNOlAPMq,,,
1012950020,"363 Lexington Ave, New York, NY 10017",active,VH-ROPEwJeITeDkVvasQ4n,"{'year': 2023, 'month': 6, 'day': 17}",40s,
1012950023,"355 Lexington Ave, New York, NY 10017",active,GxerazO9iV12BVy_cFRniY,"{'year': 2022, 'month': 6, 'day': 19}",40s,
1012950033,"622 3 Ave, New York, NY 10017",requested,jir9grghtY4W9pztGdhZ41,,,
1012950058,"364 Lexington Ave, New York, NY 10017",active,Ba8CSBQ_aGO1-G9HIonNTX,"{'year': 2023, 'month': 6, 'day': 17}",40s,
1012960001,"125 Park Ave, New York, NY 10168",failed,4in7u6Oz0AT5vW0kHMzfeg,,,
1012970023,"395 Lexington Ave, New York, NY 10174",active,LuZEGNONB5seWksuucyQw5,"{'year': 2023, 'month': 6, 'day': 17}",40s,
1012990022,"437 Lexington Ave, New York, NY 10017",failed,ZymMBbliAiortMAOBgOnde,,,
1013000001,"230 Park Ave, New York, NY 10017",active,MZs0jwU8gWUz_kj18Ccu0o,,40s,
1013000033,"730 3 Ave, New York, NY 10017",active,OnXskT-8k_b9hYSXWWLwww,"{'year': 2022, 'month': 6, 'day': 19}",40s,
1013010001,"245 Park Ave, New York, NY 10167",active,x9IhFsuOx6mePvCf8M3_5c,,40s,
1013010023,"485 Lexington Ave, New York, NY 10017",active,uDkq4f23pNH2dkVA8NSoCs,,40s,
1013010033,"750 3 Ave, New York, NY 10017",active,ssAhdbJ9N1YqS8F5E00X0g,,40s,
1013030001,"299 Park Ave, New York, NY 11364",active,CqsciI0mA-gX41jqtY2Mal,"{'year': 2023, 'month': 6, 'day': 17}",40s,
1013030033,"776 3 Ave, New York, NY 10017",active,gcD8CZyiFqA4ViYo9XUlrq,,40s,
1013040033,"800 3 Ave, New York, NY 10022",active,kbzMDleCTUb42TNoqIZmb0,,40s,
1013050013,"560 Lexington Ave, New York, NY 10022",requested,ib3qmdF7ZfrGZXzqIaDUFY,,,
1013050040,"830 3 Ave, New York, NY 10022",active,dobNbpP81PWbxIIMGIRweH,"{'year': 2022, 'month': 6, 'day': 19}",40s,
1013050060,"566 Lexington Ave, New York, NY 10022",failed,pmOHDfz3jGY_y4DlOYwG2n,,,
1013060001,"345 Park Ave, New York, NY 10154",failed,b1cRoZ88clx1LNdG5XKyoU,,,
1013070001,"375 Park Ave, New York, NY 10152",active,qb4FftIrWAR4RQlCWVmQ0N,,40s,
1013070014,"600 Lexington Ave, New York, NY 10022",failed,eNUGJOW2KpR_GyMk6IcU3w,,,
1013080033,"880 3 Ave, New York, NY 10022",active,xdin4icoPZza-XShXfprgT,"{'year': 2022, 'month': 6, 'day': 19}",40s,
1013090023,"641 Lexington Ave, New York, NY 10022",active,9un2H_wBbF_R7glsa6AkeI,"{'year': 2023, 'month': 6, 'day': 17}",40s,
1013090032,"900 3 Ave, New York, NY 10022",failed,vIIqizj0BnLbGop0G2LIDZ,,,
1013090066,"110 E 55th St, New York, NY 10022",failed,0u_7g4cXa6x4LPh8JiGzHq,,,
1013100041,"160 E 56th St, New York, NY 10022",failed,N5MVIx7I1JW2Y0erZhvOyd,,,
1013120015,"135 E 57th St, New York, NY 10022",active,8C9md7mOZw36Szsn31FV0V,"{'year': 2023, 'month': 6, 'day': 17}",40s,
1013120024,"145 E 57th St, New York, NY 10022",active,UmJkJU7Lun4dyomJ-osdqp,"{'year': 2023, 'month': 6, 'day': 17}",40s,
1013120041,"150 E 58th St, New York, NY 10155",active,DCVhnYEZT4p2jDhU89Htu7,,40s,
1013130005,"111 E 58th St, New York, NY 10022",active,EhgjUN1Qsazhj_G8XYUMTn,"{'year': 2023, 'month': 6, 'day': 17}",40s,
1013130014,"722 Lexington Ave, New York, NY 10022",requested,IMRaBlHN4IFfj4EAuqWeXs,,,
1013150001,"655 3 Ave, New York, NY 10017",active,2S-N-Sd2gdX7bumafloZY3,"{'year': 2022, 'month': 6, 'day': 19}",40s,
1013160001,"675 3 Ave, New York, NY 10017",active,P2LMAKMinfHbWDXmA289C6,"{'year': 2023, 'month': 6, 'day': 17}",40s,
1013170001,"685 3 Ave, New York, NY 10017",active,Bn88v7vwRdhXhFVsltmZhn,"{'year': 2022, 'month': 6, 'day': 19}",40s,
1013170021,"815 2 Ave, New York, NY 10017",active,1Btie1BZWKhvupE2iTjtiB,"{'year': 2022, 'month': 6, 'day': 19}",40s,
1013180001,"711 3 Ave, New York, NY 10017",active,h7N8OVE4qn_orjl_JQJQdL,"{'year': 2022, 'month': 6, 'day': 19}",40s,
1013180033,"228 E 45th St, New York, NY 10017",active,VagORndUEIO7Ps5KWUoO4U,"{'year': 2022, 'month': 6, 'day': 19}",40s,
1013190047,"733 3 Ave, New York, NY 10017",active,fymiCtm__kEYyOa5TrjnN0,"{'year': 2022, 'month': 6, 'day': 19}",40s,
1013200046,"747 3 Ave, New York, NY 10017",active,YYiDuGQJ-C8JkF_q8e6X95,,40s,
1013210001,"757 3 Ave, New York, NY 10017",active,sFWs-5xEBBJweLxwjlC3LY,,40s,
1013210022,"885 2 Ave, New York, NY 10017",active,QDYKNFItY6kO5bNFSP63R3,"{'year': 2022, 'month': 6, 'day': 19}",40s,
1013210047,"767 3 Ave, New York, NY 10017",active,-1dceWx8SSfVi1EJn8S9Rd,,40s,
1013220001,"777 3 Ave, New York, NY 10017",active,lJSQ5AiTYDSrIqiY6KlLgN,"{'year': 2022, 'month': 6, 'day': 19}",40s,
1013230047,"805 3 Ave, New York, NY 10022",active,e-muIi96oKs77-nSXMD321,"{'year': 2022, 'month': 6, 'day': 19}",40s,
1013250001,"845 3 Ave, New York, NY 10022",active,_SNaMamSSF3xwIiZovNrvE,"{'year': 2022, 'month': 6, 'day': 19}",40s,
1013260001,"875 3 Ave, New York, NY 10022",active,1dgqSYpaAfG37BuEU5t60h,,40s,
1013280001,"909 3 Ave, New York, NY 10022",active,PfBpjahgflpQgMwf6o_eGa,,40s,
1013290001,"919 3 Ave, New York, NY 10022",active,O9TxwjVVUHtj8HYUhc-YHQ,,40s,
1013320001,"979 3 Ave, New York, NY 10022",active,MTr8QO1D-oVOhDqkWk4Phy,"{'year': 2022, 'month': 6, 'day': 19}",40s,
1013740014,"650 Madison Ave, New York, NY 10022",requested,TiBNrqA3iZegB2moqDEJLH,,,
1013740060,"10 E 60th St, New York, NY 10022",active,hiuiq_QrXvjosyBlzjLa8y,"{'year': 2023, 'month': 6, 'day': 17}",40s,
1013750016,"652 Madison Ave, New York, NY 10065",active,566ryV9XHfvJrupu1SJUlG,,40s,
1013750021,"653 Madison Ave, New York, NY 10065",active,etjR-LaxHGwszC7uL9rbW5,"{'year': 2023, 'month': 6, 'day': 17}",40s,
1013940001,"505 Park Ave, New York, NY 10022",requested,0qe8A2nHlcm_95uWS59d3g,,,
1013940013,"750 Lexington Ave, New York, NY 10022",active,g-Qzk97TPUkJDeKptaEEGZ,,40s,
1013950017,"770 Lexington Ave, New York, NY 10065",failed,7NrMPfa3a1gd-hURyeuXyl,,,
1014350044,"306 E 61st St, New York, NY 10065",active,5VsNCd6QeENrtcNlfOFegK,,40s,
1017740056,"132 E 126th St, New York, NY 10035",active,CaVRGRE4D8i3m8Tf3rGzFD,,40s,
1017750033,"2322 3 Ave, New York, NY 10035",no_3d_imagery,4CUY0SLXbCwsH8cJEaBS2_,,,
1018840001,"2880 Broadway, New York, NY 10025",active,3mNATpygv_SSioNG36FIjx,"{'year': 2022, 'month': 6, 'day': 19}",40s,
1019670045,"461 W 126th St, New York, NY 10027",active,zDrhEM3pdC0iKakoYNWIf4,,40s,
1019860065,"3280 Broadway, New York, NY 10027",requested,IjKYLu7H6avs8hqIBAAQ4U,,,
1019980017,"615 W 131st St, New York, NY 10027",active,fZlwVyREFDEqT2_wFksjV3,"{'year': 2022, 'month': 7, 'day': 8}",40s,
1021240043,"3940 Broadway, New York, NY 10032",active,1qf3RrqN5TqnqIwoDjvUzM,"{'year': 2022, 'month': 7, 'day': 8}",40s,
1002310035,"451 Broadway, New York, NY 10013",active,SKhU9lzpLi7ASrXlu84Uht,,40s,
1005010015,"130 Prince St, New York, NY 10012",active,w6H4nKeL4SiEVwNGSrTqhP,"{'year': 2022, 'month': 6, 'day': 19}",40s,
1005640007,"113 University Pl, New York, NY 10003",active,66dwVQALO_xTRN97vN0GXQ,,40s,
1005770019,"34 W 14th St, New York, NY 10011",active,FkRoy6zorOv4ymxB9H2LlT,,40s,
1005970055,"333 Hudson St, New York, NY 10013",active,cWu_5I3yUgGiinZa2xeDPH,,40s,
1006970056,"536 W 26th St, New York, NY 10001",active,yJoPLpwnf8e4uvatjMRQru,,40s,
1007310001,"460 W 34th St, New York, NY 10001",active,0ZVIVGhjELYVHcwz7kdgLu,"{'year': 2022, 'month': 6, 'day': 19}",40s,
1007590031,"315 W 35th St, New York, NY 10001",active,maPIzLhPxwwta2XhB4lz4a,,40s,
1007600012,"347 W 36th St, New York, NY 10018",active,ZURiJdzYwseTqumpd_6Y48,"{'year': 2022, 'month': 6, 'day': 19}",40s,
1007630049,"314 W 40th St, New York, NY 10018",failed,Pq3ETPjA4c8re3OV38rOiV,,,
1007750058,"226 W 26th St, New York, NY 10001",active,DzJNB_cvbLo3arLqPuIcks,"{'year': 2022, 'month': 6, 'day': 19}",40s,
1007840077,"494 8 Ave, New York, NY 10001",active,83vFewCVepvsmmtmCqyUG0,"{'year': 2023, 'month': 6, 'day': 17}",40s,
1007850018,"237 W 35th St, New York, NY 10001",failed,6jkxT29Slt8tbBJXQ0pcG-,,,
1007890030,"205 W 39th St, New York, NY 10018",active,-98NhN9lmlmIk-8KJWfV3u,"{'year': 2023, 'month': 6, 'day': 17}",40s,
1007890075,"264 W 40th St, New York, NY 10018",active,tToFZ5FS17aO7gZLTMhOEJ,"{'year': 2022, 'month': 6, 'day': 19}",40s,
1008000068,"152 W 25th St, New York, NY 10001",active,MOyB359iM-u2WC8B50h3MX,,40s,
1008060058,"128 W 31st St, New York, NY 10001",no_3d_imagery,zzu_IIGQbKujb5OBr6mwUO,,,
1008070028,"119 W 31st St, New York, NY 10001",active,ObTU7uBH1H_E7XCisk3PHK,"{'year': 2022, 'month': 6, 'day': 19}",40s,
1008110062,"152 W 36th St, New York, NY 10018",active,NPKJwz3jI7aMQsOdUQILWa,,40s,
1008120016,"141 W 36th St, New York, NY 10018",active,dAaXLpc0-e1BoOzhXSsSbn,,40s,
1008120019,"135 W 36th St, New York, NY 10018",active,i5DFafZZVupAAIDXjxsoM2,"{'year': 2022, 'month': 6, 'day': 19}",40s,
1008220058,"30 W 21st St, New York, NY 10010",active,j50mbmLVqYj2RU6kPhjX31,"{'year': 2022, 'month': 6, 'day': 19}",40s,
1008220062,"38 W 21st St, New York, NY 10010",active,W0x0ngMTPMTCeWImm3kPKe,"{'year': 2022, 'month': 6, 'day': 19}",40s,
1008230073,"56 W 22nd St, New York, NY 10010",active,CauPvM-RgpJ0Se7W4luRfw,"{'year': 2023, 'month': 6, 'day': 17}",40s,
1008330057,"22 W 32nd St, New York, NY 10001",failed,z5ATCokWf2MBwhPrpKhMpn,,,
1008380072,"40 W 37th St, New York, NY 10018",active,dvh9M5_F2siOind_QRw-8C,"{'year': 2022, 'month': 6, 'day': 19}",40s,
1008390060,"22 W 38th St, New York, NY 10018",requested,FxrZNosj22_pcHbrOt1h7t,,,
1008400013,"49 W 38th St, New York, NY 10018",active,mpuIAXkWtwJTbnCQ5jz7qj,,40s,
1008400042,"424 5 Ave, New York, NY 10018",active,z16zfp5dbJTWbWNNAVBwJp,"{'year': 2022, 'month': 6, 'day': 19}",40s,
1008410001,"1040 Ave Of The Americas, New York, NY 10018",active,4vsZbSbG6h537w7hx0NrMM,"{'year': 2023, 'month': 6, 'day': 17}",40s,
1008410027,"15 W 39th St, New York, NY 10018",active,s61ZQQZ-Fzxg7k7rxd9RDO,"{'year': 2022, 'month': 6, 'day': 19}",40s,
1008600049,"36 E 31st St, New York, NY 10016",failed,CFy0ojZI_XN0a-2n1vNEU4,,,
1008610003,"307 5 Ave, New York, NY 10016",failed,aoQ85kQydPcOzu74BxYNNX,,,
1008620016,"152 Madison Ave, New York, NY 10016",failed,v_KgOdgnc3hDy0B0d1077T,,,
1008630006,"1 E 33rd St, New York, NY 10016",active,sdVT8FuuuiHNK49XBgsr41,"{'year': 2023, 'month': 6, 'day': 17}",40s,
1008630029,"33 E 33rd St, New York, NY 10016",active,wbVGm1fnv02U0RlHaCHlO4,"{'year': 2022, 'month': 6, 'day': 19}",40s,
1008680012,"9 E 38th St, New York, NY 10016",active,RQpFX5YbdtxK4ogW60QNvg,"{'year': 2022, 'month': 6, 'day': 19}",40s,
1008690020,"271 Madison Ave, New York, NY 10016",active,2qfzNDXEt2NwDd8p7wViBG,"{'year': 2022, 'month': 6, 'day': 19}",40s,
1008690064,"16 E 40th St, New York, NY 10016",active,pWlBUqZYGo6edRG7Xdul8w,"{'year': 2023, 'month': 6, 'day': 17}",40s,
1008810029,"137 E 25th St, New York, NY 10010",active,Vt9D2Uj3-mDkPPeleN-Igt,,40s,
1008830001,"387 Park Ave South, New York, NY 10016",active,OS7y49PLdUa2YR2fdfO_qN,"{'year': 2022, 'month': 6, 'day': 19}",40s,
1009950005,"1472 Broadway, New York, NY 10036",active,JiQwgg38xwEAgRs44fJ0l7,,40s,
1010030029,"1271 Ave Of The Americas, New York, NY 10020",active,RNtvIw6zYHdY6aphnEspnK,"{'year': 2022, 'month': 6, 'day': 19}",40s,
1010100021,"119 W 57th St, New York, NY 10019",active,Pt9WEGFxiYwqNOzYcHTHJR,"{'year': 2023, 'month': 6, 'day': 17}",40s,
1010120023,"215 W 40th St, New York, NY 10018",failed,5bzrXBUSZarzN8nk503vZl,,,
1010130029,"592 7 Ave, New York, NY 10036",active,wqmrorxG0-7-77pbKptsNp,,40s,
1011130008,"27 W 60th St, New York, NY 10023",active,GW54pkenU9_0LwNb6_7XPF,"{'year': 2023, 'month': 6, 'day': 17}",40s,
1012620001,"1180 Ave Of The Americas, New York, NY 10036",active,pEF1cK2B5VeF6djvj73Fcw,,,
1012840002,"597 5 Ave, New York, NY 10017",active,6Z_m2Y3gJepGY4S89Q1BFP,"{'year': 2022, 'month': 6, 'day': 19}",40s,
1012980023,"425 Lexington Ave, New York, NY 10017",active,Q541I-fixNeniOUbpLX-3A,"{'year': 2022, 'month': 6, 'day': 19}",40s,
1013910014,"974 Madison Ave, New York, NY 10075",active,NN39vR_4q3d-MhmXC_p6oF,,40s,
1022150824,"4116 9 Ave, New York, NY 10034",active,Dv6_YLocuTpAtWJ4bkmmM0,"{'year': 2023, 'month': 10, 'day': 22}",40s,
